Patient-Id,Bronchusandlung,Bladder,Colon,Skin,Stomach,Corpusuteri,Liverandintrahepaticbileducts,Ovary,Kidney,Cervixuteri,Breast
TCGA-ZF-A9R0-01,-1.2052298,3.1513152,-0.12020155,0.20391759,-1.3771388,-0.96573993,-3.1720155,-2.7785241,-4.5068079,-1.3500901,0.90265176
TCGA-FD-A43X-01,-0.62459984,3.6631279,-0.44571661,-0.37329967,0.56110098,-2.0378152,-1.06908,-3.7001565,-4.7725892,-2.0910533,-1.5851098
TCGA-4Z-AA7M-01,-1.1097054,1.9608551,0.56322386,1.8865746,-2.1205922,-2.4068277,-3.0899103,-1.8731468,-5.5972097,-3.030827,-0.18801428
TCGA-XF-AAN1-01,-0.27911434,1.9122812,-0.53747163,0.20196181,0.80869245,-0.80075642,-0.68342827,-0.65222968,-2.3682301,-0.075581726,-0.75982954
TCGA-FD-A3SP-01,1.5185804,3.0142815,-0.94173548,-0.79326847,-0.87825724,0.85349646,-2.3153976,-1.231073,-2.9153819,-2.6796769,-0.75238179
TCGA-E7-A7PW-01,0.14520116,5.2921325,-0.90618569,-2.4871302,-2.6923225,-3.9476667,-3.2545699,-1.1027181,-3.0453106,0.41840435,0.5229795
TCGA-E7-A541-01,0.59182581,2.2868631,-0.98521043,-1.1442014,0.16811625,-4.5060502,-0.095666143,-1.4120644,-11.412036,-1.197958,-1.4165314
TCGA-ZF-AA53-01,1.0242982,2.7839228,-3.3632052,-3.8068704,-0.24084013,0.26128939,-3.7538451,-0.37551793,-6.4940418,-2.5821746,0.83281425
TCGA-FD-A3SM-01,-0.22075993,1.9577276,-0.2789648,0.20238995,0.024128984,-0.08477802,-1.2002332,-1.1471215,-1.2038985,-2.6580035,-0.97071647
TCGA-ZF-AA54-01,0.61390244,1.9626971,-0.55365482,-1.9598487,-3.1545183,-2.1280281,-0.57081925,0.97822009,-2.8868472,0.17393661,-2.3319027
TCGA-FD-A3SJ-01,-0.48077467,4.0123714,-3.0013935,-8.3632495,-4.4316515,-0.75237883,-3.0188623,-1.366946,-6.0003397,-0.60241116,2.8340206
TCGA-GC-A3WC-01,2.2987539,1.3062612,-2.9478958,-4.155579,-0.78845049,-1.2432956,-3.4306013,-1.8712731,-3.9920741,-0.35988162,-0.89261658
TCGA-DK-A6B6-01,1.9011417,2.4709109,-0.096769213,-5.6431301,-0.55586001,-0.75499435,-3.8858297,-1.8443718,-4.86166,-3.2627675,-2.4454214
TCGA-CF-A1HS-01,2.3572441,1.9745056,-2.1237591,-7.5469036,-2.3960977,-5.2265247,-6.9930645,0.4771967,-7.5740113,-2.6557237,-0.35533411
TCGA-XF-A8HF-01,-0.29668273,2.6226134,0.92510383,-2.00534,0.53982305,-2.9300342,-5.1603965,0.17396595,-5.4693248,-3.7726397,-2.607343
TCGA-GV-A3QI-01,0.64698389,2.1949665,-0.45081587,-3.234689,0.8813691,-2.4469471,-3.3533994,-1.9722101,-2.1424179,0.013483418,-3.6626361
TCGA-CU-A3YL-01,-0.39882352,1.9537137,-0.16116219,-2.8823304,-0.249295,-1.9150998,-1.5558982,-1.8263651,-0.017088988,-0.028488191,-0.28237197
TCGA-CF-A9FF-01,-1.8444236,3.1457969,-0.0023476104,-2.3405303,-1.0149834,-0.13501671,-0.19413562,-1.1936161,-4.1979477,-2.2069458,-0.81298183
TCGA-DK-A3IT-01,1.5738477,1.9436532,-1.529211,-1.5315987,-0.86243959,-2.5468905,-1.9679524,-0.11388471,-6.9715461,0.14291546,-0.0045822319
TCGA-CU-A0YR-01,-0.45852768,0.045648683,-0.72901196,-5.5122288,0.1267047,0.62365846,-1.6743825,-1.6861585,-6.2329105,-0.031548821,-0.97248573
TCGA-BT-A20Q-01,-0.90584202,1.6217879,1.4029174,-2.1536447,1.5075362,-1.5571673,-3.3928923,-3.2486352,-3.6298892,-1.1491598,-0.85822522
TCGA-GD-A6C6-01,0.00052013669,2.8333769,-3.236329,-4.0924367,0.72079568,-2.4883891,-4.0634777,-1.0743466,-9.0094288,-3.2000742,0.70743374
TCGA-XF-A9SG-01,0.29991372,4.1632908,-5.0588998,-1.8810889,-4.0200752,0.35738944,-1.0073685,-1.9279497,-3.4839617,-2.9447589,0.89527203
TCGA-UY-A9PF-01,-3.5874588,1.9896855,-2.8916122,0.35573329,-0.56358485,0.13759113,-0.74290945,1.8810279,-7.0657609,-0.63144337,-0.083904572
TCGA-G2-AA3D-01,-0.82715348,1.9615685,-3.2177619,-1.9157424,-0.14645985,-1.8214581,-2.0698338,-2.4874061,-6.3416346,-1.1099396,-2.6939427
TCGA-FD-A6TI-01,-0.15972371,-0.089946754,-1.0259322,-1.78821,1.1499344,-0.29007876,-1.8270179,-0.99431963,-2.2021945,0.26622452,0.45401131
TCGA-K4-A4AB-01,0.85473835,2.2253228,-1.6119718,-2.2173775,-0.36236699,-0.55482971,-3.425041,-1.3968408,-1.4705302,-0.88641997,0.96540758
TCGA-DK-A1AA-01,0.54741382,1.4360354,-0.73014818,-0.30954255,-0.56035582,-1.0359714,-1.0998312,-0.47349524,-0.84699729,-0.4938845,-0.37132068
TCGA-5N-A9KM-01,-0.77557678,1.7588057,-0.45149426,-0.24599413,-0.92966574,0.66240918,-3.0402968,-1.4921576,-3.7005725,0.17056799,-0.5977896
TCGA-ZF-A9R4-01,-0.015048562,0.64972654,-0.31479322,-4.1167744,-0.79996545,-1.2309769,-4.5631937,1.1922659,-6.278645,-2.4528716,-3.4104165
TCGA-FD-A3B4-01,2.5389447,-0.50197217,-1.9017531,-5.4451924,-0.79178052,-1.7122414,-3.5169865,0.93170361,-3.0562573,0.2326868,0.65598208
TCGA-2F-A9KW-01,-0.72574361,3.5153163,-0.72289723,-5.3426666,-0.75859085,-2.0846099,-1.7047395,-2.6679461,-2.5173988,-0.058614925,-0.13669611
TCGA-CF-A8HY-01,-0.12064908,3.9213269,-0.8176131,0.35369144,-1.1359375,-1.6080461,-1.0303866,-3.7415229,-1.7999298,0.24613605,-0.3192418
TCGA-ZF-A9R2-01,-1.0142801,5.294736,-2.0332459,-0.96857674,-1.0131529,-1.5768712,-6.417974,0.12110012,-3.1153361,-0.062139696,-0.59423619
TCGA-GD-A3OP-01,-2.3608639,2.2385579,0.033170909,-1.476517,-0.060820168,-0.065557967,-3.9649168,-1.3305566,-8.4582689,-0.027759945,-0.26105269
TCGA-4Z-AA7O-01,0.80230075,2.4410512,-1.1439562,1.0496863,-1.1215664,0.83127756,-2.6174664,-1.1564178,-3.0791227,0.40098209,-0.31679993
TCGA-XF-A9SL-01,-0.30695553,0.95599994,-0.75187228,0.87738067,0.0013595188,-0.26047187,-0.3351146,-0.4267067,0.015921483,0.19336666,-0.98310228
TCGA-DK-A3IN-01,-2.197896,2.1977924,-5.4352118,-2.0481354,1.2486402,0.52702174,-0.2614713,0.24761586,-7.1130959,-1.8267846,-0.71213626
TCGA-XF-AAMT-01,2.0556696,1.9433589,-2.3452894,-6.5013493,-0.74874975,-3.7065897,-3.1988765,-2.2388209,-3.9740954,-2.5166027,0.9407002
TCGA-E7-A7DV-01,0.095042924,3.8646534,-3.5042467,1.9178219,-1.8849555,-1.6049664,-2.5545921,-3.2002567,-9.8190163,-3.391162,0.15246194
TCGA-DK-AA74-01,0.32683694,2.0514723,-1.1093688,-1.0906933,0.27865602,-1.2759272,-3.0951069,-1.7070432,-7.4824016,-0.50056734,-0.59012231
TCGA-BT-A2LA-01,-0.88038295,2.0041347,-0.86627747,-1.6984945,-0.97695931,-0.19558468,-0.047154279,-1.7134542,-3.6501182,-0.088819075,-0.062076719
TCGA-BT-A20U-01,0.94220887,0.72621529,-0.63059466,0.78557925,0.058604298,-0.26549874,-2.4489948,-1.3483237,-0.012279948,-2.3974012,-0.70054556
TCGA-XF-A9SX-01,-0.75592878,2.1363318,-0.75449635,-3.0860758,0.19353134,-1.2042843,-1.2418103,1.6036608,-3.6325502,-1.4368448,-0.52776
TCGA-BT-A3PK-01,-0.36417028,4.3657813,-1.9420326,0.45681548,-2.3012196,-2.4501777,-3.2727179,1.376633,-3.0841325,-0.38334116,-2.3195526
TCGA-ZF-AA51-01,-0.85803726,2.1320475,-3.9131802,1.9119393,-1.0409783,0.51877354,-4.6669916,1.5991447,-9.6248308,-3.3033473,-0.92477028
TCGA-H4-A2HQ-01,-0.473001,5.227984,-1.0549652,-2.0992557,0.9131355,-8.329188,-8.4499558,-4.3418431,-3.4730702,-1.9718826,-1.4828554
TCGA-FD-A3SO-01,0.073383027,0.78182447,-3.6301228,-3.9771944,0.52606288,0.76108747,-2.7313719,0.85252208,-4.9453003,-2.4183179,0.53562586
TCGA-FD-A3SL-01,-0.42302698,3.7188582,-2.5505523,-0.14565069,-0.09901031,0.94263908,-3.8308857,0.66070728,-4.6777103,-0.026441342,-1.5878466
TCGA-CU-A72E-01,-0.32087883,1.2872856,-0.88073068,-0.67224853,0.81806064,-0.89651092,-3.2627789,-1.6727414,-1.8953941,-0.7240655,-0.45977094
TCGA-XF-A9SK-01,-0.58130577,3.7622372,0.91452841,-2.466405,-0.01797849,-1.6037829,-3.0979868,-2.5536783,-2.2779729,-2.2198094,0.16825197
TCGA-K4-A5RI-01,2.8677591,2.1146948,-2.1496746,-5.4919794,-0.35527676,-5.5954523,-6.4517891,-2.0413107,-4.7626402,-0.044913748,0.73769595
TCGA-E7-A6MD-01,-1.7685462,4.9827528,-1.1985264,-3.6204265,0.28613041,-4.9973527,-2.7523536,-1.0366762,-3.8655769,-0.88859247,-0.16312237
TCGA-ZF-AA4W-01,2.2888906,-0.029862102,-0.45234402,-5.0591173,-0.21624541,-2.6220251,-3.189028,-2.6155295,-3.3991589,-0.068201171,0.0372997
TCGA-DK-AA6P-01,-1.4071728,5.7549319,0.17461456,-1.2706072,-1.8612708,-0.98442049,-5.2270676,-4.6122082,-4.1805258,-1.4407253,-0.57629426
TCGA-FD-A43P-01,-1.5898852,4.5969536,-3.156036,-1.7952818,-5.1831936,-2.5715535,-1.9067002,1.2323406,-7.0306309,-2.5987029,-0.059690726
TCGA-DK-A3IV-01,1.2028502,2.8607633,-0.20118627,-0.17927952,-3.8565123,0.95889076,-2.2407793,-0.26570627,-2.9217805,-0.022151416,-0.0078126578
TCGA-BL-A5ZZ-01,-0.12611244,2.7474998,-2.9077052,-2.005817,0.32386415,0.56753315,-2.0439423,-3.1468596,-5.4555082,-1.3901355,-0.67323823
TCGA-XF-AAML-01,-0.61861326,4.9206611,-4.9166089,-1.8840969,-0.63865173,-1.3277825,-3.7735331,-0.85202667,-6.4138627,-3.0818394,0.055715274
TCGA-UY-A78P-01,-0.74517543,0.29196224,0.95722391,-0.91095596,-0.74729522,-0.035857981,-6.555913,-0.44905437,-3.5395287,-2.9295303,-0.76270657
TCGA-4Z-AA86-01,-0.1731403,3.1340637,-2.7644785,-1.8893785,-0.14854647,-0.19446783,-1.5883438,-0.23949996,-4.2581837,-1.6132952,-1.4611868
TCGA-UY-A9PD-01,-3.796663,1.9137382,-2.6044499,1.9156144,-1.5006259,0.083011606,-2.3659814,-1.7821325,-6.1456341,-4.6682168,2.2865662
TCGA-GV-A3JW-01,-1.3504065,3.2954143,-2.9480766,0.15379337,-0.066453625,-2.1964548,-1.7394139,-1.761334,-1.9818849,-1.0392221,0.45362187
TCGA-G2-AA3F-01,0.44778103,1.9417183,-3.8835428,-2.9598808,-1.1569475,0.16518636,-0.4976579,1.925912,-4.2899001,-3.9204825,-2.519352
TCGA-FD-A6TK-01,2.2393448,2.0992216,-2.1548275,-1.3721389,-0.92915239,0.19097694,-0.52099689,-0.86597146,-3.5970242,0.062806901,-1.9607399
TCGA-CU-A0YO-01,-0.88200642,1.7909496,0.91910188,0.38217832,0.32662379,-2.4606318,-0.66682125,0.45143437,-0.52149078,-1.5097069,-1.1976772
TCGA-DK-A3IL-01,-1.2390535,3.2106561,0.59192905,0.90390569,-1.6651428,-1.9957496,-3.4522689,1.6633596,-1.9839362,-1.2853425,0.93046868
TCGA-DK-A2I1-01,-1.0044379,4.9166193,-1.7963881,0.15884628,-1.9366938,-3.4397887,-3.1506113,-1.5743772,-8.1638312,-2.5824225,-0.95597529
TCGA-XF-A8HD-01,-0.079575934,3.8992442,-1.487148,-2.168185,-0.40051134,-1.902598,-3.8395296,-4.0178368,-8.1489778,-1.6459452,0.92179263
TCGA-GV-A3QK-01,-0.763507,2.1785686,-0.93114821,-0.34452184,-0.069950357,-0.6021467,-1.0011614,-1.7433528,-0.05857194,-1.3682994,-0.089305247
TCGA-YC-A89H-01,-1.4336612,1.4423049,1.713237,-2.0885029,-0.87591598,-0.31964014,-3.8407945,-1.5570349,-4.778195,-2.5249948,-0.77038281
TCGA-XF-A8HI-01,1.7123414,2.4982207,-2.7554856,-1.8578847,-0.31247008,-2.239119,-3.4622413,-1.5116767,-2.3392716,-0.34789676,-0.15806196
TCGA-GV-A3QF-01,-1.5019444,2.3308371,-1.1205236,-2.137966,-0.55568935,-3.512961,-2.8317853,-0.13222897,-5.39031,-0.42781932,-0.57340988
TCGA-GU-A42Q-01,-0.37792605,1.0592352,-0.22770768,-2.2232825,2.4547664,-2.8906096,-4.5248716,1.1335456,-4.0823178,-3.0619512,-0.86831649
TCGA-4Z-AA80-01,-0.7223676,1.994036,-3.085172,-1.8802418,-2.4693464,-4.8697691,-6.1608612,-0.38481994,-8.2173457,-3.0439321,-2.2021455
TCGA-GD-A3OQ-01,0.33149602,0.87175752,-0.37673256,-0.50917832,-0.043432748,-1.4322588,-0.246103,-1.473956,-3.3623678,-0.90335735,-0.81226611
TCGA-FD-A3B3-01,0.42447714,1.6545275,-0.16760555,-3.3718527,-0.27087911,-1.5728608,-1.6676532,1.2009644,-3.5114177,0.29505431,-3.2112252
TCGA-CU-A3KJ-01,-0.45307691,4.9088101,-0.40290904,-5.4608987,-0.72466611,-2.1850207,-3.9478671,-1.0404715,-5.1746743,-0.092578198,-0.13319524
TCGA-2F-A9KP-01,-1.7989643,3.7551835,-0.9219408,-0.44835165,0.51158825,0.91995376,-0.44577155,-3.8162783,-3.4331496,-3.2685066,-0.19480899
TCGA-LT-A5Z6-01,-0.76688369,1.9608687,-1.5094092,-3.7220285,-0.8646349,-0.58032715,-0.019616774,1.2125755,-5.0713098,-2.6565283,0.037730868
TCGA-C4-A0F0-01,0.99924958,1.1154161,-3.514239,-0.74821548,-1.9856363,-2.3077529,-0.49722286,0.52753985,-6.1668327,0.41931519,-0.091270519
TCGA-HQ-A2OF-01,2.5908132,1.2175579,-1.9260603,-3.4376997,0.0741712,-2.5250342,-0.16547392,-1.8184149,-3.8940867,-3.2377507,-0.70932666
TCGA-BL-A3JM-01,0.38886416,2.1993292,-0.28129523,-4.5318761,0.95519904,-0.96822032,-0.63970958,-2.7153495,-3.7984839,-1.6672042,-1.2149869
TCGA-G2-A2EO-01,-0.13915185,4.1883382,-4.688239,-2.5793085,0.93120021,-1.6062822,-6.6502283,-2.7132813,-6.5608001,-2.7923452,-1.7765835
TCGA-DK-AA76-01,1.0566064,3.2938947,-3.0558625,-2.4272348,-1.5220674,-1.1773827,-3.9818964,1.8959609,-6.1249491,-1.3609536,-1.951873
TCGA-BT-A20W-01,-1.0589781,3.5833034,-3.9272493,-0.016915402,-2.221907,-0.51717515,-5.1294576,-0.37944726,-5.9365791,-0.076801781,-1.8638546
TCGA-KQ-A41O-01,1.5240372,2.002371,-1.2544168,-0.79631134,-0.86235142,-1.7268441,-3.6304557,1.2200533,-5.4299209,-2.2579495,-1.8234781
TCGA-XF-A8HC-01,-0.15333907,1.9558345,-1.1150341,1.8406634,-3.0432335,-3.6676854,-0.78107806,1.8527519,-3.9860773,0.22954978,-0.36481862
TCGA-XF-A9ST-01,-2.2998401,2.0418384,-5.3221127,-4.0317855,-0.23751603,-4.8935855,-0.95140903,-0.46744831,-4.6089601,-2.564576,2.3643749
TCGA-E7-A5KF-01,-0.49733223,3.2076832,-3.2766633,0.40570079,-0.30140998,0.60031989,-1.866908,-0.7508175,-2.3795394,-0.77794193,-1.1185691
TCGA-C4-A0F6-01,-0.050129318,2.7968092,-3.2497421,-2.0320945,0.94300725,-0.59656001,-3.7228056,0.95748332,-3.9866156,-1.7309536,-2.3220485
TCGA-UY-A78M-01,-0.68172419,2.7042101,-2.9143474,-0.25356463,-1.4821474,-1.9266643,-1.2026284,-1.9434248,-7.3954398,-1.1016545,-0.95017175
TCGA-GC-A6I3-01,-0.9277727,5.0679932,-0.21812562,-4.9387621,-2.9145185,-2.2060845,-1.487437,-1.4154181,-6.5583431,0.010457888,0.94913946
TCGA-DK-A2I2-01,1.4310346,1.9488221,-1.2780713,-1.0130037,-1.6558437,-2.6124526,-3.1653267,0.46021685,-3.2089232,-2.5832471,-2.0841995
TCGA-BT-A42F-01,-0.64096877,-0.28989892,-0.96404853,0.27191257,0.29290241,-0.2715463,0.2203948,-0.0007082667,-3.7648442,-3.2654534,0.47093236
TCGA-BT-A20J-01,-0.52175359,0.73564273,-1.9014289,-0.9535562,0.74592825,-2.9251111,-3.5967195,-1.5696894,-4.2460146,-4.4425842,0.78486725
TCGA-GC-A4ZW-01,-0.40581043,4.3629896,-0.089477498,-3.8710137,-0.56882476,-1.4152679,-2.5640979,-1.8978491,-6.6591189,-0.03816326,-0.87789349
TCGA-4Z-AA84-01,-1.5100915,4.1025289,-2.9950206,-2.3231498,0.62144331,-0.98183109,-5.225787,-0.13337356,-6.0910084,-5.8139463,0.88445636
TCGA-XF-AAN5-01,0.99517617,1.4636734,-0.96725486,0.31660479,-0.84906624,-2.2544931,-1.8798154,-1.4721139,-0.039526094,-2.0705494,0.19968069
TCGA-UY-A8OC-01,1.2714466,2.1512739,0.96246366,-1.3771843,-1.5604634,-2.1005384,-1.8475331,-1.3108686,-6.7101521,-0.434211,-1.4086554
TCGA-G2-A3IB-01,2.7836177,0.045867321,-1.2652657,-1.9317977,-0.20901899,-2.3148429,-2.9007541,-0.90586208,-3.4777293,-0.082032289,-0.39781735
TCGA-DK-AA6U-01,0.85478308,2.8519595,-3.1958717,-0.24852187,-3.6484667,-3.1609151,-5.3790111,-3.5715569,-6.2855004,-2.5311975,0.19145912
TCGA-GD-A76B-01,-0.10610055,2.6490258,-1.583047,-1.850048,-1.5082322,-0.37029678,-1.7216011,-3.9593592,-6.330557,-0.13433085,0.92857284
TCGA-XF-A8HG-01,-0.47007623,1.9340239,1.0230239,-5.3208198,-0.70322486,-0.033602103,-2.1694892,-2.2450568,-8.3649237,-0.51406438,0.61763245
TCGA-E5-A2PC-01,-0.38862633,3.2608538,-0.069010333,-4.5198121,0.056411173,-2.7309152,-6.6629469,-4.9225918,-6.2981017,-2.4619591,-0.41074294
TCGA-4Z-AA7Q-01,-0.83201798,1.7099438,-2.6799497,-4.5488538,-1.3536102,0.31793414,-0.94522535,1.1583124,-2.1931931,-1.8415514,-0.20205356
TCGA-2F-A9KO-01,-2.4724245,3.2699583,-1.5985428,-2.1254302,2.3687393,-2.0414575,-5.6696052,0.089677563,-3.3127303,-0.0012361814,-1.2924437
TCGA-4Z-AA7R-01,-0.80428658,1.9571576,0.91150087,-4.7238838,0.62778146,-2.9287509,-3.2189843,-1.4872436,-4.3022442,-1.9751078,-0.85760541
TCGA-E7-A3Y1-01,-0.13822286,1.7175728,-2.5141174,1.8997191,-0.48928022,0.51294364,-0.82747559,-1.0558017,-3.2563162,-0.17499547,-1.5033889
TCGA-UY-A9PE-01,-1.383098,5.3785963,-2.2631159,-0.69585263,-2.7611999,-2.6254815,-4.7365005,-2.8451241,-6.2782075,-2.7668126,-1.4738668
TCGA-K4-A83P-01,0.14641582,1.523878,-0.86622142,-1.5099101,-2.0191793,-1.1395487,-3.2891335,-1.9348604,-0.79044282,-0.3672593,0.93645518
TCGA-GV-A3JV-01,0.58156656,-0.11724087,-4.5952408,0.3289803,1.4600427,-0.85711682,-0.99329799,-1.800562,-2.8972285,-0.039205645,-0.37493244
TCGA-XF-A9SZ-01,-0.68545546,3.2685187,-2.5168932,-4.8144767,0.01659046,-0.73610335,-3.6641826,1.7580168,-3.2448202,-1.6667831,-0.12300626
TCGA-E7-A5KE-01,-2.4707937,3.3810118,-1.6374093,-0.44920855,-2.2319338,-3.2952631,0.3346196,-0.067027321,-3.5558303,-0.13278746,0.45207233
TCGA-XF-AAN3-01,2.6285492,0.69859519,-1.4922865,-6.3085281,-0.80492269,-2.9205055,-2.0799373,-0.13735515,-1.6707149,-0.10164217,-0.20229212
TCGA-XF-A9T5-01,2.1288927,-0.53805402,-3.2800066,-4.8272471,-0.43148898,-1.6599633,-2.7682707,-1.9824759,-5.4812887,-0.48664188,-1.7498464
TCGA-CF-A3MG-01,0.082158734,2.8432705,-0.93588953,-3.627517,0.89623373,-3.3792604,-5.0311476,-1.9446381,-2.8818729,0.052039409,-0.02866142
TCGA-G2-A3IE-01,0.034444207,3.6757768,-3.7652113,-1.7854688,-3.1491465,-1.4714041,-2.9015757,1.5180859,-5.4882622,-2.933548,0.023701525
TCGA-DK-AA6R-01,0.44813745,3.8795528,-0.038023425,-6.9857918,-1.0905659,-3.5842825,-3.7564723,1.3956724,-7.1743867,-0.24471042,-0.070439373
TCGA-GC-A3RB-01,1.5366071,2.5275027,-2.3842881,-1.077491,-2.2164764,-2.7251852,-3.8899448,0.44965166,-1.790494,-0.83748832,-0.72588193
TCGA-DK-AA6W-01,1.7726869,1.9019036,-2.9486273,-0.36663279,-2.8217969,-2.6106416,-4.4351342,1.8624632,-3.5472331,-4.465785,-0.1366087
TCGA-YF-AA3M-01,-0.077411673,1.9615093,-1.4892032,-6.4056342,1.33847,-2.736419,-2.3478829,-1.4524122,-5.0470094,-0.76736103,-2.3209872
TCGA-YC-A9TC-01,-0.13034501,-0.59110944,-0.30275913,-0.75799627,0.26968238,0.90534342,-1.0812195,-1.3166844,-1.1429302,-1.2439094,-0.64704161
TCGA-GC-A3BM-01,1.889514,1.3345231,-3.2054465,1.8909645,-1.3402627,-2.6825647,-1.0965061,-3.004884,-4.6135328,-0.48219673,-1.1590705
TCGA-MV-A51V-01,-1.3015092,4.6181023,-0.28905876,-5.2472371,-0.65841581,-3.4547589,-3.4473096,-0.0058080528,-3.4463301,-3.0888494,-1.8200075
TCGA-FD-A5BV-01,1.8351781,2.5414663,-3.2565665,-4.8459722,1.1536149,-1.8968157,-3.134866,-2.7173694,-3.9123222,-3.1973139,-3.5956123
TCGA-GU-A42R-01,-1.6580378,4.4297784,-2.4674004,-0.35630569,-0.059318601,0.33980378,-1.1532019,0.7576661,-2.5139319,-2.6773881,-2.4171507
TCGA-E7-A97P-01,-0.19269809,0.5962921,-2.4555677,-2.3524068,-0.096453232,-0.84417068,-0.79824006,-0.32534437,-2.0787282,0.42024196,1.4969842
TCGA-4Z-AA83-01,-1.6712347,2.4233265,0.023230796,-1.0425569,-0.087523531,-0.25777856,-1.4263771,0.42555676,-0.50773164,-0.21735765,-0.48815939
TCGA-ZF-A9RN-01,2.0645202,1.7123501,-0.038907434,-4.9091592,0.86862229,-3.3615403,-0.088154929,-4.012991,-6.5207185,-1.2475829,-0.72376182
TCGA-UY-A78O-01,0.035582885,-0.44579868,0.94232317,-1.5754521,-1.0365917,-2.6224894,-1.0074855,-1.1308444,-3.9545664,-3.1680769,-0.88482493
TCGA-DK-A6AV-01,-0.74217648,1.9440684,-1.9066224,1.9289686,-1.6084075,-5.7185317,-0.3381157,0.40144936,-3.4227266,-1.2266882,-1.3774525
TCGA-CU-A5W6-01,-0.12926336,4.6654098,-3.3836059,-2.2055578,-0.12726499,-0.88951276,-0.93812177,-2.12294,-5.8946606,-0.57169018,-0.60892065
TCGA-XF-A8HE-01,-0.013180009,1.603284,-0.50506541,-0.8811238,0.43605794,0.14383097,-2.557152,-2.1530442,-2.1745645,-0.65386118,-0.097420614
TCGA-DK-A6B5-01,-0.6206765,2.1625606,-0.68956619,-5.4464838,-0.58737498,-0.32466818,-3.7777206,-0.62720235,-3.7208294,-0.12601033,0.20497355
TCGA-CF-A27C-01,1.4650035,2.1325208,-0.52299472,0.35636149,-2.1193992,-1.6316177,-1.577459,-1.191802,-3.456978,0.03421799,-0.25724134
TCGA-XF-AAN7-01,1.8309045,1.9812216,-2.0521974,0.80883078,0.69638675,-1.9998326,-1.4126474,-0.29040243,-3.0791988,-1.5130913,-2.9632707
TCGA-DK-A6AW-01,-0.28498639,-0.19248454,0.86670294,0.59923491,-0.39539976,0.93417922,-9.4856718,-4.2997484,-4.8405579,-0.14023896,-3.8611795
TCGA-K4-A5RH-01,-1.7338759,0.75165066,-3.7188409,-3.1339904,-0.37762216,0.90207526,-1.5660713,1.5560782,-4.5599047,-2.73682,-1.6426164
TCGA-GV-A3JX-01,-0.48345393,1.9801369,-2.6349164,-2.3549362,-2.021198,-1.9762848,-3.4845058,0.15125489,-5.1177737,-1.3362172,0.93454677
TCGA-E7-A6ME-01,-0.36577735,3.0261021,-2.1343538,-4.3814195,-0.85612667,-3.3008928,-1.7393453,-0.22508496,-6.6073132,-0.74738941,-0.43325409
TCGA-E5-A4U1-01,-0.16986634,2.9078061,0.38719621,-2.0275586,0.3339386,-0.89267609,-1.4336019,-3.7184871,-3.0720123,-3.6745785,-0.46151936
TCGA-CF-A47X-01,0.81465307,1.8755613,-0.34109804,0.69698822,-1.9450661,-1.6984276,-3.2637506,-2.3347342,-4.9446822,-1.6556948,-2.3097433
TCGA-BL-A13J-01,-0.4392174,4.7571082,0.56986641,-5.0047092,-4.2389565,-3.8088149,-0.97232716,-0.045396759,-3.0768852,-2.6605312,0.059125749
TCGA-CU-A0YN-01,-0.33176384,0.84030656,-0.31900182,-5.725985,0.42225116,-5.2004335,-3.6654325,1.8117146,-2.0354017,0.70684573,-1.4693954
TCGA-DK-AA6T-01,0.61080984,0.013404323,-3.0299969,0.25777565,-1.1628746,0.21924178,2.0374036,1.6943784,0.0060677336,0.122234,0.34160647
TCGA-ZF-A9R7-01,-0.026124377,2.6419526,-4.0692902,-1.9304765,0.27215571,0.38613778,-2.9862493,-0.55232822,-3.8762756,-0.010626349,-1.5391531
TCGA-K4-A54R-01,1.8970346,2.6915129,-0.92258535,1.9246982,-1.8701385,0.96499528,-4.6782192,-2.3959885,-5.7761674,-4.0517037,-0.8116375
TCGA-GC-A3I6-01,1.8474844,-0.22761378,-3.471334,-2.3371187,-0.63111877,-2.3639426,-6.7491035,-1.1503578,-1.7548002,-0.0103016,-0.14807021
TCGA-FD-A62N-01,0.63038021,0.9125441,-0.43862843,-4.2179794,-1.4298297,0.54805692,-0.44936575,1.4815053,-2.0351982,-0.62095714,-0.38037763
TCGA-HQ-A5NE-01,-1.9796014,1.9948658,0.89185442,-2.5176466,-0.2004335,-1.9825786,-3.6030232,-4.2803325,-4.4535848,-3.2789639,0.903369
TCGA-FD-A5BT-01,-0.28411521,1.9964866,-0.60613235,-2.2696419,0.94216859,-2.5138583,-4.4046654,-2.1209095,-1.5354919,-1.8992422,-1.9894494
TCGA-E7-A7XN-01,-0.36761726,0.25545532,-0.30524118,-0.12262255,-0.82933325,-0.71618821,-2.2655085,-1.7554561,-0.52320298,-1.578985,-2.1540261
TCGA-KQ-A41P-01,-0.80263201,1.9553798,0.95292859,0.035872156,0.12068024,-2.9410681,-2.0047085,-2.7799762,-3.5607306,-3.6242718,1.1263602
TCGA-G2-AA3B-01,2.7993228,1.9252203,-2.6362068,-1.9047591,-0.46645154,-4.3420216,-9.1911765,-2.0106335,-8.9882854,-5.5404322,0.091639707
TCGA-FT-A3EE-01,-1.3090087,1.4800893,-0.74421226,0.6553465,-0.80645418,-1.9101077,-0.54650614,-0.55683024,-0.96980791,-0.034293238,0.92967695
TCGA-GU-AATQ-01,1.9259688,2.5790779,-2.9322057,-3.130412,1.4559836,-1.8913646,-9.0662907,-1.7905515,-3.7798195,0.21017551,-1.9983104
TCGA-KQ-A41N-01,-1.8071869,1.9797239,-1.4909824,-1.1223057,-3.5322844,0.095791867,-5.381314,-4.5103978,-11.511363,-1.3453769,0.89112281
TCGA-ZF-A9R9-01,-0.027824439,2.2306448,-0.29414253,-3.3191214,-0.87198844,-1.952557,-0.021838409,-1.4636055,-1.4514583,-2.1871,-0.18281486
TCGA-GV-A40G-01,-1.1675445,3.390568,-1.637787,0.75473071,-2.773106,-2.9527783,-3.1951689,1.8722826,-3.6736714,-0.13606777,0.45780377
TCGA-G2-A2EJ-01,1.8589104,-0.2792222,0.30881786,-4.7631056,0.90219555,-0.57269327,-6.0673235,-0.38543277,-5.5437225,-1.7226771,-0.82211541
TCGA-BT-A20R-01,-0.26622046,4.366439,-3.474131,-5.3685601,-0.60867972,0.17346601,-2.293571,1.3711885,-2.1452999,-0.8959187,0.004416085
TCGA-ZF-A9RL-01,-0.29929152,2.7664077,1.1024901,-1.4516518,-0.89914819,0.47115295,-4.9932854,-2.1025469,-6.2048611,-1.7470839,-1.7896753
TCGA-XF-AAMX-01,0.77068582,3.9222498,-8.5557617,-2.2698886,-3.8009837,-2.4620632,-4.2580503,0.82519738,-3.710645,-2.9151382,0.94049327
TCGA-S5-AA26-01,0.65504626,2.3110833,-3.0477712,0.024379061,-0.57817606,0.24091874,-1.4885235,-1.1769187,-1.9105672,-0.45936622,-0.59001713
TCGA-HQ-A2OE-01,0.58636673,2.0403664,-3.660931,0.45125394,-1.5158175,-0.16251135,-0.036623079,1.7217788,-5.6026097,-2.2275208,-0.22623799
TCGA-FD-A62S-01,2.4305189,2.0234389,1.7342759,-2.1791541,-0.34065695,-5.0238751,-3.9147291,0.51073542,-2.9537629,-1.7805965,-0.40985776
TCGA-4Z-AA7W-01,-0.31205631,5.4740886,-1.8329922,-0.30352893,-3.7434642,0.79162036,-3.4508415,-1.5992191,-6.0123863,0.29325984,-0.96907289
TCGA-ZF-AA58-01,-0.60720501,-0.38544273,-0.90346609,-0.49299487,-2.1191707,-0.015042106,1.437022,-1.4960901,-4.1814817,-0.16040248,-0.88243263
TCGA-DK-A1AE-01,-0.041442708,3.7117925,-1.865975,-2.6511134,0.62807638,-0.016748611,-0.31794913,-1.2999071,-3.2156077,-0.95643163,-2.0179218
TCGA-XF-A9SY-01,1.3362973,-1.0999924,-0.91610553,-2.0259326,0.66582362,-1.4199569,-0.95537779,1.2382238,-2.8785948,-3.1721645,-1.0144088
TCGA-DK-A3X1-01,-0.79694982,3.6156341,-3.7548666,-1.846944,0.13743249,-2.2252065,-6.5610339,-4.3117849,-4.6879121,-2.8116618,0.85409733
TCGA-K4-A6MB-01,-0.82428636,1.9759905,-2.1891406,-2.3856189,-3.1670921,-0.3667498,-2.3104443,1.5934939,-4.9295201,-2.8862967,0.56020399
TCGA-DK-A6B1-01,-0.48029471,1.8578141,-0.89458191,0.34530313,-1.0011337,-2.9302621,-0.47997447,-0.53980318,-0.031789708,-1.1760087,0.91530618
TCGA-UY-A8OB-01,1.4062563,1.9312525,-3.137107,-3.7888654,-1.2334204,-4.8778454,-0.57293277,1.8609187,-3.7021439,0.41827792,-1.5327415
TCGA-ZF-A9R1-01,0.96101931,2.1194498,-1.6831772,-2.2915366,-0.84438347,-2.031723,-3.5855222,-1.2130386,-3.1547028,-1.7211736,1.0485423
TCGA-2F-A9KR-01,0.031269479,1.6788258,-2.1440529,1.893205,-0.39298727,-2.6321394,-3.0243712,-1.8412139,-5.5561191,-0.49043338,0.89898775
TCGA-BT-A42C-01,1.1226876,3.3906338,-3.1103275,-4.4131462,-0.89866666,-4.8235315,-2.5267315,-3.7949867,-6.3961313,-0.015451913,-0.80209198
TCGA-BT-A20O-01,1.8442806,1.1277447,0.79006121,-1.9317893,-0.79871825,0.48069405,-2.7194923,-1.5634402,-0.25824046,-2.3270335,0.068167779
TCGA-4Z-AA7Y-01,-0.61459522,2.9714519,-0.055679233,0.27636759,-0.45301804,0.25837576,-3.7870863,-1.7416889,-2.3746497,0.13197811,-2.2395186
TCGA-FD-A6TH-01,-3.2716465,4.8606046,-3.5647651,0.65206953,-0.18701319,0.53470989,-3.0419473,-0.91849585,-2.3536137,-0.26963245,-3.229326
TCGA-UY-A9PB-01,-0.066610824,1.3131199,-3.5383808,-1.474656,0.90238854,0.80793556,-3.0399861,1.8833626,-4.0855261,-1.0350874,-2.301857
TCGA-SY-A9G5-01,2.22934,5.5625943,-1.3294902,-3.4085332,-2.9410465,-5.8736372,-6.1444877,-1.8462627,-5.4212046,-0.078844458,0.04459318
TCGA-K4-A6FZ-01,1.4365776,1.927921,-1.1897697,-2.7352948,-2.6030258,0.21110375,-4.67078,1.0875001,-0.80003209,-2.9874786,-0.77644554
TCGA-FD-A3N6-01,0.075407046,1.0662565,-1.3248892,1.0454022,1.2879271,0.0091946145,-0.90706603,-2.7815679,-0.93473812,-0.03491502,-0.0063759183
TCGA-R3-A69X-01,-0.17288485,1.7378165,-2.2587622,-2.144265,0.70031552,-3.6367389,-3.1123045,-3.8559604,-1.4733294,0.25864274,-0.47808342
TCGA-GU-AATO-01,0.56328349,2.0082692,1.7669016,-3.0010793,-1.4788654,1.5001832,-3.3210078,0.070794208,-4.6891474,-0.85893976,-0.47979899
TCGA-CF-A5UA-01,1.9122866,0.15808802,-0.43956799,-1.5783114,-0.54532923,-0.42708167,-3.2794901,0.63311244,-4.1714752,-0.50208713,-0.089670899
TCGA-CF-A1HR-01,-0.67034414,1.542902,-1.9359144,1.6875729,0.74489916,-2.1502237,-1.2996552,-2.0058638,-4.0735512,-0.87011181,-1.3886288
TCGA-XF-AAN2-01,-3.767775,1.9298153,-2.0947027,-2.537064,0.92740953,2.9913913,-2.2418168,-0.21091895,-3.2448492,-0.076477734,-3.0267323
TCGA-UY-A8OD-01,1.8830826,1.8400397,-2.497315,-3.1982031,-1.6701632,-2.8713346,-1.9001521,-0.58248523,-6.6052552,0.043772143,-0.28265256
TCGA-FD-A3SS-01,-1.5767015,-0.8720538,1.3810692,1.9152608,-0.86411479,-0.68828262,-5.2382861,1.8556411,-6.631507,-4.2863063,-0.12110868
TCGA-HQ-A5ND-01,2.8721963,1.4782093,-1.5896453,-3.0194973,-2.3680242,-1.1226599,-3.4245904,-2.6310371,-5.9472503,-2.8527244,-1.0232706
TCGA-DK-A1A3-01,2.2650814,2.7820564,-3.6157545,-1.7001656,-1.6234923,-0.67304071,-0.029028012,-0.10932022,-7.1545553,-3.8929574,-0.34643272
TCGA-FD-A6TA-01,-0.058589832,3.2028951,-0.084075054,-0.73881456,-1.4901516,-2.1012225,-1.1596946,-1.021199,-3.3155014,-0.77592252,-0.36605406
TCGA-CU-A3QU-01,-0.5402723,2.0950941,-1.3188511,0.48550853,-0.5510951,-1.3998091,-0.10989493,1.0255402,-4.1377718,-0.63820983,0.072611502
TCGA-BT-A0YX-01,-0.67176496,1.4400339,-3.9937217,0.16772314,2.4580587,-2.2731616,-3.3043315,-1.9794492,-2.0256164,0.014928237,-2.0304672
TCGA-FD-A6TF-01,-1.4552122,1.9971392,-3.8343717,-1.2874402,0.88622235,-0.11904673,-2.6625214,1.8853603,-3.6372055,-2.1216152,-2.998449
TCGA-G2-A2EL-01,-0.62756573,2.2837365,-0.29969768,-2.0497448,-1.419465,2.4131887,-3.7829406,-1.8955597,-3.8722186,-2.5518013,-0.04121765
TCGA-E7-A677-01,-0.2866063,1.9799569,0.71461192,-1.6655643,-0.89396836,-2.6302065,-1.124038,-2.3825121,-3.8187725,-3.0695728,-0.39627026
TCGA-DK-AA75-01,2.3591641,1.9946735,-0.4109962,-0.42447198,-3.5019391,-1.9208565,-3.5304312,-0.54437888,-1.1988989,-2.4662805,-1.6404261
TCGA-BT-A20T-01,-0.40927766,3.2826312,-3.7131105,-0.57058356,-0.50158478,-2.2921911,-1.8101774,-0.24085728,-4.1840158,0.072974916,-0.34609838
TCGA-ZF-A9R5-01,-0.92994323,2.7339261,-0.65600735,0.77182293,-1.0621997,0.31921879,-2.1349802,-1.6537838,-0.45027225,0.30917404,-1.8064409
TCGA-G2-A2EF-01,0.69909056,1.2752957,-1.0071983,-3.1358616,-1.0098688,-2.1609444,-6.3944748,-1.2626914,-5.8562667,-4.2811554,-0.91521133
TCGA-FJ-A3Z7-01,0.039364884,4.9232527,-1.7656495,0.27401915,-1.8653601,-2.0792883,-2.0423571,-0.33872124,-3.6394875,-4.187638,-0.076088921
TCGA-FD-A3B5-01,-0.91525774,3.0925947,-2.8637152,-1.5866197,-0.833468,-2.4885894,-0.65006849,-2.0125504,-4.452377,-0.42689363,0.89484646
TCGA-XF-A9SI-01,-0.24998199,2.8598863,-3.6400965,1.8866797,-2.2088166,-2.3359745,-0.74158971,-1.3668452,-9.3824189,-2.2727158,-0.6370572
TCGA-UY-A9PH-01,-1.2326621,3.9468995,0.41420132,-0.062112914,-2.2039353,-1.5069531,-3.6627873,-2.074747,-6.2006912,-2.7968343,-0.17130791
TCGA-FD-A6TG-01,0.38698965,1.9568971,-0.81354907,-1.4298907,0.07902272,-5.2032847,-5.5860704,-3.963303,-6.5364871,-2.1398628,-0.45665387
TCGA-ZF-AA56-01,2.5990024,1.8883836,-0.061431264,-2.4261717,-0.98200046,-2.9264657,-3.2713058,-4.0734162,-3.8584884,0.23312203,-0.17754312
TCGA-ZF-AA4T-01,-3.0993378,3.2419441,-3.123076,-1.957696,-0.025920513,-3.0910852,-3.1996016,0.00021256265,-6.9660481,-0.090890144,0.8989174
TCGA-ZF-A9RF-01,1.9086169,2.6890076,-5.7235669,-6.9214673,-2.240383,0.91910096,-0.036525432,1.240136,-3.1845376,-3.1088493,-0.83047241
TCGA-XF-AAMQ-01,1.2282822,1.9329638,-3.649198,-2.5096523,-2.1261372,-1.360787,-2.9813803,-1.7541425,-8.3529977,-1.1365855,-1.8722172
TCGA-DK-AA6S-01,-1.7629783,4.6185068,-0.92118483,-1.2593747,-3.5174034,-3.145506,-5.95721,-1.5825551,-1.358422,-2.5966553,0.39858371
TCGA-S5-A6DX-01,-0.47340048,3.7752287,-3.191298,0.69101126,0.22288433,-3.4626915,-3.8944076,-3.1974252,-4.987397,-1.2996608,-3.0553089
TCGA-KQ-A41Q-01,0.85861002,4.0804738,-4.8537604,-2.481501,-2.9161803,-2.6836207,-3.112837,-1.0315495,-3.4897109,-0.66802771,-0.79591774
TCGA-G2-AA3C-01,0.84935363,1.7967451,-1.3469941,0.26206438,-3.5942215,0.27406628,-3.1095186,-1.3774594,-3.1400186,-0.82030208,-0.50843066
TCGA-FD-A3N5-01,2.5248182,4.8282349,-0.85961489,-5.5041671,-2.258714,-1.8923259,-5.2283803,-1.7894407,-4.3167353,-2.6433082,-1.9571485
TCGA-XF-A9T0-01,-0.10714102,4.2889681,-0.52976185,-4.6869342,0.067713613,-3.2677686,-3.4753949,-2.8156079,-4.8532262,-2.3223243,0.88951865
TCGA-XF-AAN0-01,-1.4841621,3.4949504,-0.27030735,-1.9192745,-0.57433572,0.92389305,-0.92457408,-1.6727043,-4.7512544,-2.6385858,-0.64386141
TCGA-XF-A9T6-01,-2.8843546,3.4260424,-3.2827375,-1.9371514,0.91560766,-3.9497427,-4.7459139,1.8712969,-4.5607685,-2.7815268,-1.0302793
TCGA-H4-A2HO-01,-0.10491298,1.6154414,-0.44636445,-0.8771743,0.081834257,-0.25476887,-1.1621093,-1.3931921,-3.7543147,-0.73424655,1.2071584
TCGA-FD-A3SQ-01,-0.2029122,-0.15812216,-0.26553541,1.5025763,-0.333948,-1.3150232,-1.7088044,-2.3025978,-0.00015234602,-2.0873092,-0.31728592
TCGA-ZF-A9RM-01,-0.99568767,3.0993728,-0.53027544,-2.3289051,-0.70120469,-0.093808251,-5.5371985,0.34294509,-5.0946241,-1.0874306,-0.50685665
TCGA-XF-AAMZ-01,-2.6473515,5.9462197,0.36252818,-1.2204185,-3.4120582,-2.0707535,-4.9814483,0.67363008,-0.098844393,0.020551499,-1.4800493
TCGA-DK-AA6X-01,1.5933915,1.7108525,-0.3359617,-2.3312541,-0.43657492,-1.6483657,-3.2217105,-1.8269473,-2.5122155,-2.4854038,1.0870103
TCGA-K4-A4AC-01,0.8821644,1.8835014,-0.17267542,-1.6730027,-0.99898034,-2.9159939,-0.054047183,-0.90280153,-6.4928137,-2.9972113,0.4098991
TCGA-FD-A5C1-01,0.56882971,-0.32154038,-3.3207449,-1.7827762,-0.62994622,0.89964524,-0.91552328,-0.54032174,-3.2630396,-0.99377633,-0.30606149
TCGA-DK-A3IM-01,-1.4192021,1.9348453,-1.4230821,-7.7112402,0.98741676,0.93304743,-0.047963323,-2.1994408,-5.8482847,-0.043209799,-2.2091957
TCGA-PQ-A6FN-01,-0.023581723,2.2422217,-1.3284688,-1.129441,-0.6004611,-2.1331711,-0.39659564,1.6109397,-6.6793714,-1.045334,-0.28216701
TCGA-GU-A764-01,-1.3117134,2.5094201,-0.89097119,-1.847965,-0.73616261,-3.7187416,-0.76581137,1.394202,-0.89495264,-2.6392536,-0.50873196
TCGA-E7-A3X6-01,0.53478685,1.9486879,-0.61380519,-0.33051853,-1.1225915,-1.1031343,-0.32257716,-1.2906968,-1.6625611,-0.50416553,-0.41769119
TCGA-DK-AA6L-01,1.8025648,1.980602,-1.4796073,-2.5215034,-0.55188825,-3.5035656,-2.3886241,-0.57367028,-5.7677993,0.13103452,-2.3778446
TCGA-4Z-AA89-01,-0.52356087,1.9327465,-0.4705928,-0.89915847,-0.91963371,-1.9972701,-2.895116,-0.42169417,-2.5877527,-0.19558724,0.80188956
TCGA-XF-A9SM-01,-0.094764468,2.4155158,-2.9035487,-2.431107,-1.2448555,0.49430718,-2.9286694,0.50493474,-3.4384864,-0.31287236,-0.22520187
TCGA-FD-A6TC-01,-2.9889145,3.421432,-4.1922301,0.40551523,-0.86673603,-3.9629212,-3.0545017,-0.10464551,-3.9568945,0.28365118,-1.7817626
TCGA-ZF-AA4X-01,-1.2469291,2.6886951,-1.9916973,-3.698107,-3.0423341,0.041717261,-4.0024275,-2.1779853,-7.3808515,-2.4973722,-1.1057626
TCGA-UY-A78L-01,-0.62348262,2.7327557,-2.6791037,-1.4058204,-2.5429624,0.78909053,-1.0151061,1.8762579,-3.7005194,-2.5551469,-2.1717111
TCGA-DK-A2I6-01,-0.012206209,2.1676182,-3.2428495,1.8469185,-4.7427684,0.93920718,-3.3242151,0.96585017,-3.6545591,-5.7164016,-0.68029437
TCGA-BT-A20N-01,0.98055812,1.9753295,-3.3060569,-1.5023759,-3.0946121,-2.2046557,-3.3287357,-0.87198047,-4.3077478,-2.6758913,0.69860003
TCGA-GU-A762-01,0.78028271,2.6946004,-0.71039301,-2.3101302,1.6784036,-1.522782,-2.451379,0.31975358,-3.3535835,-1.8394927,-2.1296198
TCGA-K4-A3WU-01,-0.14223803,2.0218256,-0.15664059,1.9039556,-1.7686853,-2.8181072,-3.8236719,-1.9181926,-0.02401778,-2.6221903,-0.03723909
TCGA-GV-A40E-01,-0.37244227,1.9654118,-2.8532737,-5.4068182,-1.0086292,-3.1113303,-3.914034,-0.65089234,-3.9067708,0.40875967,-0.7772348
TCGA-DK-A3IU-01,0.86682851,0.98688671,0.12396146,0.58776781,-0.092070434,-0.89950144,-3.6395406,-1.6679789,-6.1292883,-3.1027656,-2.0258752
TCGA-FD-A3B6-01,-1.7786105,4.2976342,0.20171052,-4.6065638,-1.5917913,0.87707979,-2.8113154,-1.3242361,-4.9522729,-0.70403842,-0.60427657
TCGA-XF-A8HH-01,-0.6732667,2.4450078,0.42076553,-1.8246187,-1.0746335,-1.2018975,-0.46649791,-1.6647697,-1.4755293,-1.235212,-0.61569614
TCGA-GV-A3QG-01,-1.1422008,0.63492582,-0.3947322,-2.7774622,-2.5260129,0.88326647,-0.17715677,0.89680481,-3.7610637,0.57852909,0.9337104
TCGA-4Z-AA81-01,0.32357581,3.07664,-0.78039983,-1.9209958,-1.0621277,0.50794244,-3.287477,-0.23340096,-3.2353223,-1.2373843,-2.9773327
TCGA-ZF-AA4V-01,-0.067802559,2.2729956,-3.4134688,-4.1308563,-3.1977653,-0.72581575,-3.1143155,-1.2622725,-3.3981894,-0.26411258,-0.25455919
TCGA-FJ-A3ZF-01,0.10947101,3.9641316,-1.2054652,-2.6104623,-2.4861231,0.91744872,-2.5196522,0.64949961,-3.024698,-3.0745616,-1.7393827
TCGA-E7-A85H-01,-1.6258525,1.9669465,-4.6523882,-4.8292057,-3.668576,-2.918662,-0.030042177,1.1174858,-8.7745632,-2.5445223,-0.071776687
TCGA-DK-AA6Q-01,2.6679662,-0.4343635,-0.40924013,-4.0831339,0.27389978,-2.5677221,-2.7805183,-1.1840611,-4.8876168,-2.2372123,-0.68511265
TCGA-DK-A1AG-01,-0.31352232,2.3560943,-0.67360241,-1.3386652,-0.85213859,0.098014815,-3.6597885,-1.0149619,-0.91183843,-0.28700289,-0.48974139
TCGA-GU-AATP-01,-0.1478891,5.3138472,-3.1697602,-1.9327321,-0.25688992,-2.9117884,-4.096717,-3.4706863,-5.9030319,-2.9913008,-2.8186372
TCGA-GC-A3YS-01,2.4109779,0.7903173,-2.3126437,-2.3230986,-0.74621406,-0.079690126,-3.9898164,-0.59678246,-5.9509332,-0.51939334,-0.55316197
TCGA-DK-A3IS-01,-0.65630314,5.6159497,-2.181743,1.8419824,-0.93636908,-5.3899595,-5.1577255,-3.6263502,-3.5045544,-4.1475331,-1.7023351
TCGA-BT-A2LB-01,-0.67095676,2.0319648,-1.6817656,-2.1461325,-0.66449003,0.10934578,-0.72592766,-2.2622882,-4.4825078,-3.7762693,0.83645055
TCGA-BT-A20V-01,4.360399,-0.65806861,-4.3272297,-2.0932875,-2.7771585,-4.7268465,-1.5848332,-1.2223577,-1.841515,0.3396851,0.52448532
